{"15": {"backdoor.propensity_score_matching": 7.312759097190235, "backdoor.propensity_score_weighting": 5.585618773865285, "backdoor.propensity_score_stratification": 5.368133769716942, "backdoor.linear_regression": 5.362736044608205, "backdoor.exact_matching_manual": 4.585603112840467, "backdoor.T_learner": 5.71987064370324}, "6": {"backdoor.propensity_score_matching": 6.107155202212237, "backdoor.propensity_score_weighting": 5.100152090215758, "backdoor.propensity_score_stratification": 4.662959117691009, "backdoor.linear_regression": 4.832114862532805, "backdoor.exact_matching_manual": 6.447954055994257, "backdoor.T_learner": 4.794948045729591}, "12": {"backdoor.propensity_score_matching": 2.1531531531531534, "backdoor.propensity_score_weighting": 2.578653511443825, "backdoor.propensity_score_stratification": 0.9102468826874246, "backdoor.linear_regression": 2.189808467720127, "backdoor.exact_matching_manual": 0.5648854961832062, "backdoor.T_learner": 2.468776576078513}, "27": {"backdoor.propensity_score_matching": 6.220370370370371, "backdoor.propensity_score_weighting": 7.595363893647253, "backdoor.propensity_score_stratification": 5.12456516107847, "backdoor.linear_regression": 6.944385892963936, "backdoor.exact_matching_manual": 7.008411677387432, "backdoor.T_learner": 7.454430568075059}, "10": {"backdoor.propensity_score_matching": 3.3204951856946354, "backdoor.propensity_score_weighting": 4.769517878108765, "backdoor.propensity_score_stratification": 4.667335864527221, "backdoor.linear_regression": 4.6039862553475075, "backdoor.exact_matching_manual": 3.2540861812778603, "backdoor.T_learner": 4.453409688429945}, "20": {"backdoor.propensity_score_matching": 4.821973550356053, "backdoor.propensity_score_weighting": 3.983111612938501, "backdoor.propensity_score_stratification": 3.938767775255412, "backdoor.linear_regression": 3.801810152844027, "backdoor.exact_matching_manual": 5.12694877505568, "backdoor.T_learner": 3.4619346854332074}, "22": {"backdoor.propensity_score_matching": 4.355464759959142, "backdoor.propensity_score_weighting": 8.361083075467363, "backdoor.propensity_score_stratification": 8.009452180224201, "backdoor.linear_regression": 7.418672451260377, "backdoor.exact_matching_manual": 6.535398230088496, "backdoor.T_learner": 9.087313892910215}, "2": {"backdoor.propensity_score_matching": 3.627049180327869, "backdoor.propensity_score_weighting": 4.206010955572189, "backdoor.propensity_score_stratification": 2.354127274156553, "backdoor.linear_regression": 3.7161128509638317, "backdoor.exact_matching_manual": 2.1454545454545455, "backdoor.T_learner": 3.8442627926593396}, "1": {"backdoor.propensity_score_matching": 2.850251256281407, "backdoor.propensity_score_weighting": 3.114765530996962, "backdoor.propensity_score_stratification": 2.6134699872821407, "backdoor.linear_regression": 3.0948077290780134, "backdoor.exact_matching_manual": 3.343963553530752, "backdoor.T_learner": 3.120864470609957}, "9": {"backdoor.propensity_score_matching": 9.263589743589744, "backdoor.propensity_score_weighting": 10.044189479132186, "backdoor.propensity_score_stratification": 8.419635859742186, "backdoor.linear_regression": 9.754800007233563, "backdoor.exact_matching_manual": 8.500601684717209, "backdoor.T_learner": 9.672937633400135}, "24": {"backdoor.propensity_score_matching": 4.529230769230769, "backdoor.propensity_score_weighting": 4.842403839160028, "backdoor.propensity_score_stratification": 4.412037335499167, "backdoor.linear_regression": 4.822845560364286, "backdoor.exact_matching_manual": 5.674523007856341, "backdoor.T_learner": 4.846679332323298}, "7": {"backdoor.propensity_score_matching": 2.650698602794411, "backdoor.propensity_score_weighting": 2.78930661980489, "backdoor.propensity_score_stratification": 3.8034358651232965, "backdoor.linear_regression": 2.893936491797845, "backdoor.exact_matching_manual": 3.9097744360902253, "backdoor.T_learner": 3.757056032139355}, "11": {"backdoor.propensity_score_matching": 4.133603238866397, "backdoor.propensity_score_weighting": 3.27393731685774, "backdoor.propensity_score_stratification": 2.908538131777993, "backdoor.linear_regression": 3.146186331116226, "backdoor.exact_matching_manual": 3.4221724524076147, "backdoor.T_learner": 3.4681698067807427}, "14": {"backdoor.propensity_score_matching": 4.7358121330724074, "backdoor.propensity_score_weighting": 4.0619638322512515, "backdoor.propensity_score_stratification": 3.9349087111628256, "backdoor.linear_regression": 3.677604615647155, "backdoor.exact_matching_manual": 3.8456449834619626, "backdoor.T_learner": 4.235117849627044}, "17": {"backdoor.propensity_score_matching": 2.9413020277481325, "backdoor.propensity_score_weighting": 2.7645186739324714, "backdoor.propensity_score_stratification": 4.414057212389181, "backdoor.linear_regression": 2.7761740798394072, "backdoor.exact_matching_manual": 3.9761620977353993, "backdoor.T_learner": 3.6599913991420183}, "21": {"backdoor.propensity_score_matching": 9.745454545454546, "backdoor.propensity_score_weighting": 7.1281827232692265, "backdoor.propensity_score_stratification": 7.1619381318009925, "backdoor.linear_regression": 7.360301340178253, "backdoor.exact_matching_manual": 8.52784746613146, "backdoor.T_learner": 7.215325723113653}, "23": {"backdoor.propensity_score_matching": 9.980253878702397, "backdoor.propensity_score_weighting": 11.46934822017522, "backdoor.propensity_score_stratification": 11.65131062301676, "backdoor.linear_regression": 10.622714824167097, "backdoor.exact_matching_manual": 10.405286343612335, "backdoor.T_learner": 11.104979789922359}, "13": {"backdoor.propensity_score_matching": 9.312169312169312, "backdoor.propensity_score_weighting": 9.635239693766664, "backdoor.propensity_score_stratification": 7.624490974083279, "backdoor.linear_regression": 9.484184560344204, "backdoor.exact_matching_manual": 10.235849056603774, "backdoor.T_learner": 10.58339506599436}, "3": {"backdoor.propensity_score_matching": 9.204767063921993, "backdoor.propensity_score_weighting": 13.703365839750894, "backdoor.propensity_score_stratification": 6.941529135565446, "backdoor.linear_regression": 10.109824494423627, "backdoor.exact_matching_manual": 14.767726161369193, "backdoor.T_learner": 16.093012609386502}, "5": {"backdoor.propensity_score_matching": 8.067085953878406, "backdoor.propensity_score_weighting": 6.84011993203795, "backdoor.propensity_score_stratification": 6.390564796970617, "backdoor.linear_regression": 6.314118996429585, "backdoor.exact_matching_manual": 7.677639046538025, "backdoor.T_learner": 7.35907082961003}, "26": {"backdoor.propensity_score_matching": 9.163802978235967, "backdoor.propensity_score_weighting": 8.491212228128695, "backdoor.propensity_score_stratification": 6.989304996169932, "backdoor.linear_regression": 7.2646559299004, "backdoor.exact_matching_manual": 10.46111111111111, "backdoor.T_learner": 7.038645586208307}, "16": {"backdoor.propensity_score_matching": 6.2304147465437785, "backdoor.propensity_score_weighting": 6.558001384629691, "backdoor.propensity_score_stratification": 6.8153192297151275, "backdoor.linear_regression": 6.092226621674939, "backdoor.exact_matching_manual": 5.240431795878312, "backdoor.T_learner": 6.947439941485653}, "18": {"backdoor.propensity_score_matching": 5.217577706323687, "backdoor.propensity_score_weighting": 5.571716823727577, "backdoor.propensity_score_stratification": 4.837962209538015, "backdoor.linear_regression": 4.661991202934502, "backdoor.exact_matching_manual": 7.62200956937799, "backdoor.T_learner": 5.192407105290879}, "25": {"backdoor.propensity_score_matching": 6.082304526748971, "backdoor.propensity_score_weighting": 6.670251775925472, "backdoor.propensity_score_stratification": 7.0744498205496305, "backdoor.linear_regression": 6.591932896625423, "backdoor.exact_matching_manual": 4.447427293064877, "backdoor.T_learner": 6.247476060256025}, "8": {"backdoor.propensity_score_matching": 8.034632034632034,