source,SS,df,MS,F,p
Methods,78.8859762456655,5.0,15.7771952491331,618.9235295020554,2.222444363493638e-302
Error,25.36389153845427,995.0,0.025491348279853537,,
Subjects,70.20633291615948,199.0,,,
Total,174.45620070027925,,,,
