source,SS,df,MS,F,p
Methods,36.808977960955666,5.0,7.361795592191133,309.3844989612262,9.333873231957022e-150
Error,11.778511303474545,495.0,0.023794972330251605,,
Subjects,24.9673644030323,99.0,,,
Total,73.55485366746251,,,,
