{
  "csv": "bootstraps/current.csv",
  "methods": [
    "backdoor.propensity_score_matching",
    "backdoor.propensity_score_weighting",
    "backdoor.propensity_score_stratification",
    "backdoor.linear_regression",
    "backdoor.distance_matching",
    "backdoor.T_learner"
  ],
  "n_subjects": 200,
  "n_methods": 6,
  "ss_total": 174.45620070027925,
  "ss_subjects": 70.20633291615948,
  "ss_treatments": 78.8859762456655,
  "ss_error": 25.36389153845427,
  "df_subjects": 199,
  "df_treatments": 5,
  "df_error": 995,
  "ms_treatments": 15.7771952491331,
  "ms_error": 0.025491348279853537,
  "F": 618.9235295020554,
  "p": 2.222444363493638e-302,
  "partial_eta_sq": 0.7567009716407725,
  "mauchly": {
    "p": 0.0,
    "W": 3.8606086815648484e-05,
    "chi2": 1995.1590853306518,
    "df": 14,
    "n": 200,
    "k": 6
  }
}