{"15": {"backdoor.propensity_score_matching": 6.26070935052971, "backdoor.propensity_score_weighting": 5.586950015515313, "backdoor.propensity_score_stratification": 5.348653125801907, "backdoor.linear_regression": 5.362736044608219, "backdoor.distance_matching": 7.266697374481804, "backdoor.T_learner": 5.71987064370324}, "6": {"backdoor.propensity_score_matching": 6.053231939163498, "backdoor.propensity_score_weighting": 5.100157652826638, "backdoor.propensity_score_stratification": 4.719241435246797, "backdoor.linear_regression": 4.832114862532833, "backdoor.distance_matching": 4.493605254061528, "backdoor.T_learner": 4.794948045729591}, "12": {"backdoor.propensity_score_matching": 2.2216216216216216, "backdoor.propensity_score_weighting": 2.5786529387371004, "backdoor.propensity_score_stratification": 0.9425921879302313, "backdoor.linear_regression": 2.189808467720134, "backdoor.distance_matching": 1.072072072072072, "backdoor.T_learner": 2.468776576078513}, "27": {"backdoor.propensity_score_matching": 6.220370370370371, "backdoor.propensity_score_weighting": 7.595364044838064, "backdoor.propensity_score_stratification": 5.12456516107847, "backdoor.linear_regression": 6.944385892963965, "backdoor.distance_matching": 6.529629629629629, "backdoor.T_learner": 7.454430568075059}, "10": {"backdoor.propensity_score_matching": 3.2874828060522696, "backdoor.propensity_score_weighting": 4.76827985041777, "backdoor.propensity_score_stratification": 4.560581760120737, "backdoor.linear_regression": 4.603986255347486, "backdoor.distance_matching": 5.070151306740027, "backdoor.T_learner": 4.453409688429945}, "20": {"backdoor.propensity_score_matching": 4.699898270600204, "backdoor.propensity_score_weighting": 3.983111614629621, "backdoor.propensity_score_stratification": 3.938767775255412, "backdoor.linear_regression": 3.801810152844027, "backdoor.distance_matching": 4.3621566632756865, "backdoor.T_learner": 3.4619346854332074}, "22": {"backdoor.propensity_score_matching": 5.2339121552604695, "backdoor.propensity_score_weighting": 8.360530168126047, "backdoor.propensity_score_stratification": 8.004678053355313, "backdoor.linear_regression": 7.418672451260392, "backdoor.distance_matching": 5.920326864147089, "backdoor.T_learner": 9.087313892910215}, "2": {"backdoor.propensity_score_matching": 3.495901639344263, "backdoor.propensity_score_weighting": 4.20804977060137, "backdoor.propensity_score_stratification": 2.135560032832021, "backdoor.linear_regression": 3.716112850963846, "backdoor.distance_matching": 3.8237704918032787, "backdoor.T_learner": 3.8442627926593396}, "1": {"backdoor.propensity_score_matching": 3.208040201005025, "backdoor.propensity_score_weighting": 3.116095506205781, "backdoor.propensity_score_stratification": 3.344179542173843, "backdoor.linear_regression": 3.0948077290780134, "backdoor.distance_matching": 1.8170854271356782, "backdoor.T_learner": 3.120864470609957}, "9": {"backdoor.propensity_score_matching": 9.263589743589744, "backdoor.propensity_score_weighting": 10.044189818191605, "backdoor.propensity_score_stratification": 8.419635859742186, "backdoor.linear_regression": 9.75480000723357, "backdoor.distance_matching": 10.395897435897435, "backdoor.T_learner": 9.672937633400135}, "24": {"backdoor.propensity_score_matching": 3.528205128205128, "backdoor.propensity_score_weighting": 4.843680605880344, "backdoor.propensity_score_stratification": 4.44785864883714, "backdoor.linear_regression": 4.822845560364286, "backdoor.distance_matching": 5.6, "backdoor.T_learner": 4.846679332323298}, "7": {"backdoor.propensity_score_matching": 3.153692614770459, "backdoor.propensity_score_weighting": 2.78954926526022, "backdoor.propensity_score_stratification": 3.4866505924850784, "backdoor.linear_regression": 2.8939364917978594, "backdoor.distance_matching": 3.9201596806387227, "backdoor.T_learner": 3.757056032139355}, "11": {"backdoor.propensity_score_matching": 4.133603238866397, "backdoor.propensity_score_weighting": 3.2739376598510574, "backdoor.propensity_score_stratification": 2.908538131777993, "backdoor.linear_regression": 3.146186331116226, "backdoor.distance_matching": 3.408906882591093, "backdoor.T_learner": 3.4681698067807427}, "14": {"backdoor.propensity_score_matching": 4.731898238747553, "backdoor.propensity_score_weighting": 4.059186003218109, "backdoor.propensity_score_stratification": 3.8015629584641966, "backdoor.linear_regression": 3.6776046156470485, "backdoor.distance_matching": 4.199608610567514, "backdoor.T_learner": 4.235117849627044}, "17": {"backdoor.propensity_score_matching": 2.9413020277481325, "backdoor.propensity_score_weighting": 2.764519056512775, "backdoor.propensity_score_stratification": 4.414057212389181, "backdoor.linear_regression": 2.7761740798394, "backdoor.distance_matching": 4.661686232657417, "backdoor.T_learner": 3.6599913991420183}, "21": {"backdoor.propensity_score_matching": 9.730143540669857, "backdoor.propensity_score_weighting": 7.128182146280146, "backdoor.propensity_score_stratification": 7.1619381318009925, "backdoor.linear_regression": 7.360301340178296, "backdoor.distance_matching": 6.94354066985646, "backdoor.T_learner": 7.215325723113653}, "23": {"backdoor.propensity_score_matching": 9.980253878702397, "backdoor.propensity_score_weighting": 11.46934822459739, "backdoor.propensity_score_stratification": 11.65131062301676, "backdoor.linear_regression": 10.622714824167126, "backdoor.distance_matching": 11.404795486600847, "backdoor.T_learner": 11.104979789922359}, "13": {"backdoor.propensity_score_matching": 9.48994708994709, "backdoor.propensity_score_weighting": 9.633209253576304, "backdoor.propensity_score_stratification": 7.64193451421017, "backdoor.linear_regression": 9.484184560344204, "backdoor.distance_matching": 11.208465608465609, "backdoor.T_learner": 10.58339506599436}, "3": {"backdoor.propensity_score_matching": 9.204767063921993, "backdoor.propensity_score_weighting": 13.703360722894807, "backdoor.propensity_score_stratification": 6.941529135565446, "backdoor.linear_regression": 10.109824494423677, "backdoor.distance_matching": 13.789815817984833, "backdoor.T_learner": 16.093012609386502}, "5": {"backdoor.propensity_score_matching": 8.083857442348009, "backdoor.propensity_score_weighting": 6.839619510971154, "backdoor.propensity_score_stratification": 6.807400379247341, "backdoor.linear_regression": 6.314118996429542, "backdoor.distance_matching": 6.117400419287212, "backdoor.T_learner": 7.35907082961003}, "26": {"backdoor.propensity_score_matching": 9.168384879725085, "backdoor.propensity_score_weighting": 8.491067931746187, "backdoor.propensity_score_stratification": 6.989304996169932, "backdoor.linear_regression": 7.264655929900421, "backdoor.distance_matching": 9.52119129438717, "backdoor.T_learner": 7.03864558620831}, "16": {"backdoor.propensity_score_matching": 7.067281105990784, "backdoor.propensity_score_weighting": 6.5608385398524405, "backdoor.propensity_score_stratification": 6.921658701402231, "backdoor.linear_regression": 6.092226621674904, "backdoor.distance_matching": 8.549308755760368, "backdoor.T_learner": 6.947439941485653}, "18": {"backdoor.propensity_score_matching": 5.217577706323687, "backdoor.propensity_score_weighting": 5.5717168764169145, "backdoor.propensity_score_stratification": 4.837962209538015, "backdoor.linear_regression": 4.661991202934502, "backdoor.distance_matching": 5.260450160771704, "backdoor.T_learner": 5.192407105290879}, "25": {"backdoor.propensity_score_matching": 5.37037037037037, "backdoor.propensity_score_weighting": 6.65202513464223, "backdoor.propensity_score_stratification": 6.826099267240379, "backdoor.linear_regression": 6.591932896625472, "backdoor.distance_matching": 6.650205761316872, "backdoor.T_learner": 6.247476060256025}, "8": {"backdoor.propensity_score_matching": 8.177489177489177, "backdoor.propensity_score_weighting": 8.363450975432848, "backdoor.propensity_score_stratification": 7.1349178813744585,