{"15": {"backdoor.propensity_score_matching": 6.395209580838324, "backdoor.propensity_score_weighting": 5.5861185890297875, "backdoor.propensity_score_stratification": 5.350014430684866, "backdoor.linear_regression": 5.362736044608241, "backdoor.exact_matching_manual": 4.585603112840467, "backdoor.T_learner": 5.71987064370324}, "6": {"backdoor.propensity_score_matching": 6.0698237124092635, "backdoor.propensity_score_weighting": 5.100149225956002, "backdoor.propensity_score_stratification": 4.719241435246797, "backdoor.linear_regression": 4.832114862532833, "backdoor.exact_matching_manual": 6.447954055994257, "backdoor.T_learner": 4.794948045729591}, "12": {"backdoor.propensity_score_matching": 2.272072072072072, "backdoor.propensity_score_weighting": 2.578653525358277, "backdoor.propensity_score_stratification": 0.9425921879302313, "backdoor.linear_regression": 2.1898084677200984, "backdoor.exact_matching_manual": 0.5648854961832062, "backdoor.T_learner": 2.468776576078513}, "27": {"backdoor.propensity_score_matching": 6.220370370370371, "backdoor.propensity_score_weighting": 7.595364007170822, "backdoor.propensity_score_stratification": 5.12456516107847, "backdoor.linear_regression": 6.944385892963915, "backdoor.exact_matching_manual": 7.008411677387432, "backdoor.T_learner": 7.454430568075059}, "10": {"backdoor.propensity_score_matching": 3.0536451169188448, "backdoor.propensity_score_weighting": 4.7683873332081745, "backdoor.propensity_score_stratification": 4.560581760120737, "backdoor.linear_regression": 4.603986255347493, "backdoor.exact_matching_manual": 3.2540861812778603, "backdoor.T_learner": 4.453409688429945}, "20": {"backdoor.propensity_score_matching": 4.821973550356053, "backdoor.propensity_score_weighting": 3.983111604797166, "backdoor.propensity_score_stratification": 3.938767775255412, "backdoor.linear_regression": 3.8018101528440553, "backdoor.exact_matching_manual": 5.12694877505568, "backdoor.T_learner": 3.4619346854332074}, "22": {"backdoor.propensity_score_matching": 4.269662921348314, "backdoor.propensity_score_weighting": 8.360928161252005, "backdoor.propensity_score_stratification": 8.23784003048848, "backdoor.linear_regression": 7.418672451260377, "backdoor.exact_matching_manual": 6.535398230088496, "backdoor.T_learner": 9.087313892910215}, "2": {"backdoor.propensity_score_matching": 3.8442622950819674, "backdoor.propensity_score_weighting": 4.206313312725726, "backdoor.propensity_score_stratification": 2.270182312570764, "backdoor.linear_regression": 3.716112850963839, "backdoor.exact_matching_manual": 2.1454545454545455, "backdoor.T_learner": 3.8442627926593396}, "1": {"backdoor.propensity_score_matching": 2.950753768844221, "backdoor.propensity_score_weighting": 3.1160722891583674, "backdoor.propensity_score_stratification": 3.6328916235095132, "backdoor.linear_regression": 3.0948077290780134, "backdoor.exact_matching_manual": 3.343963553530752, "backdoor.T_learner": 3.120864470609957}, "9": {"backdoor.propensity_score_matching": 9.263589743589744, "backdoor.propensity_score_weighting": 10.044189851622718, "backdoor.propensity_score_stratification": 8.419635859742186, "backdoor.linear_regression": 9.754800007233555, "backdoor.exact_matching_manual": 8.500601684717209, "backdoor.T_learner": 9.672937633400135}, "24": {"backdoor.propensity_score_matching": 4.582564102564103, "backdoor.propensity_score_weighting": 4.842780879115594, "backdoor.propensity_score_stratification": 4.412037335499167, "backdoor.linear_regression": 4.822845560364307, "backdoor.exact_matching_manual": 5.674523007856341, "backdoor.T_learner": 4.846679332323298}, "7": {"backdoor.propensity_score_matching": 3.465069860279441, "backdoor.propensity_score_weighting": 2.7897849773528662, "backdoor.propensity_score_stratification": 3.4777050445689417, "backdoor.linear_regression": 2.8939364917978594, "backdoor.exact_matching_manual": 3.9097744360902253, "backdoor.T_learner": 3.757056032139355}, "11": {"backdoor.propensity_score_matching": 4.157894736842105, "backdoor.propensity_score_weighting": 3.2739372165447804, "backdoor.propensity_score_stratification": 2.908538131777993, "backdoor.linear_regression": 3.1461863311162404, "backdoor.exact_matching_manual": 3.4221724524076147, "backdoor.T_learner": 3.4681698067807427}, "14": {"backdoor.propensity_score_matching": 4.567514677103718, "backdoor.propensity_score_weighting": 4.059161778213266, "backdoor.propensity_score_stratification": 3.895337253007056, "backdoor.linear_regression": 3.6776046156471693, "backdoor.exact_matching_manual": 3.8456449834619626, "backdoor.T_learner": 4.235117849627044}, "17": {"backdoor.propensity_score_matching": 2.9413020277481325, "backdoor.propensity_score_weighting": 2.764519356226387, "backdoor.propensity_score_stratification": 4.414057212389181, "backdoor.linear_regression": 2.7761740798394143, "backdoor.exact_matching_manual": 3.9761620977353993, "backdoor.T_learner": 3.6599913991420183}, "21": {"backdoor.propensity_score_matching": 9.75311004784689, "backdoor.propensity_score_weighting": 7.128181309161008, "backdoor.propensity_score_stratification": 7.1619381318009925, "backdoor.linear_regression": 7.360301340178246, "backdoor.exact_matching_manual": 8.52784746613146, "backdoor.T_learner": 7.215325723113653}, "23": {"backdoor.propensity_score_matching": 9.980253878702397, "backdoor.propensity_score_weighting": 11.469348221165191, "backdoor.propensity_score_stratification": 11.65131062301676, "backdoor.linear_regression": 10.622714824167154, "backdoor.exact_matching_manual": 10.405286343612335, "backdoor.T_learner": 11.104979789922359}, "13": {"backdoor.propensity_score_matching": 11.267724867724867, "backdoor.propensity_score_weighting": 9.621365507442043, "backdoor.propensity_score_stratification": 7.118089026496896, "backdoor.linear_regression": 9.48418456034426, "backdoor.exact_matching_manual": 10.235849056603774, "backdoor.T_learner": 10.58339506599436}, "3": {"backdoor.propensity_score_matching": 9.061755146262188, "backdoor.propensity_score_weighting": 13.703600035083639, "backdoor.propensity_score_stratification": 6.941529135565446, "backdoor.linear_regression": 10.109824494423641, "backdoor.exact_matching_manual": 14.767726161369193, "backdoor.T_learner": 16.093012609386502}, "5": {"backdoor.propensity_score_matching": 7.656184486373165, "backdoor.propensity_score_weighting": 6.839335846367433, "backdoor.propensity_score_stratification": 6.807400379247341, "backdoor.linear_regression": 6.314118996429549, "backdoor.exact_matching_manual": 7.677639046538025, "backdoor.T_learner": 7.35907082961003}, "26": {"backdoor.propensity_score_matching": 9.805269186712486, "backdoor.propensity_score_weighting": 8.491232566340273, "backdoor.propensity_score_stratification": 6.989304996169932, "backdoor.linear_regression": 7.264655929900421, "backdoor.exact_matching_manual": 10.46111111111111, "backdoor.T_learner": 7.038645586208311}, "16": {"backdoor.propensity_score_matching": 6.1972350230414746, "backdoor.propensity_score_weighting": 6.558005681937722, "backdoor.propensity_score_stratification": 6.8153192297151275, "backdoor.linear_regression": 6.092226621674925, "backdoor.exact_matching_manual": 5.240431795878312, "backdoor.T_learner": 6.947439941485653}, "18": {"backdoor.propensity_score_matching": 5.217577706323687, "backdoor.propensity_score_weighting": 5.571716893802794, "backdoor.propensity_score_stratification": 4.837962209538015, "backdoor.linear_regression": 4.661991202934523, "backdoor.exact_matching_manual": 7.62200956937799, "backdoor.T_learner": 5.192407105290879}, "25": {"backdoor.propensity_score_matching": 6.489711934156379, "backdoor.propensity_score_weighting": 6.655701131629819, "backdoor.propensity_score_stratification": 7.082818366730214, "backdoor.linear_regression": 6.591932896625423, "backdoor.exact_matching_manual": 4.447427293064877, "backdoor.T_learner": 6.247476060256025}, "8": {"backdoor.propensity_score_matching": 8.034632034632034,